před sed y	PRI
do víd á me	PRSI
brk ů	RI
ode pín a t	PRSI
hrst ě	RI
z važ ova t	PRSI
za váz a n ý	PRSSI
tup i t	RSI
běl o líc í	RNRI
za hní v a t	PRSSI
vy host i ti	PRSI
experiment ova c í	RSSI
okén k o	RSI
gastr o nom i i	RNRSI
na ber e	PRI
ne motiv ova n é	IRSSI
ú čast	PR
z pan št i t	PRSSI
bank ách	RI
pod plav a t	PRSI
po u ži je	PPRI
rád c e	RSI
lov i t	RSI
od moc n i t	PRSSI
ú tvar y	PRI
albatros	R
pře škvař i t	PRSI
deset i let í	RNRI
aut a	RI
vz duš n i t	PRSSI
bažin a	RI
sekt ami	RI
cest ová n í	RSSI
pře kom penz ova t	PPRSI
do stá v a t	PRSSI
hud b y	RSI
před víd a t	PRSI
u dých a t	PRSI
dab ova t	RSI
pře pich ova t	PRSI
za věs i t	PRSI
let ech	RI
proč	R
na kaž liv á	PRSI
košťál	R
na lé v a l	PRSSI
při péc i	PRI
hrozen	R
situ ac e	RSI
za srš e l o	PRSSI
mistr a	RI
pře pás á v a t	PRSSSI
origin al it ě	RSSI
nut n ost í	RSSI
sp í	RI
skal n í	RSI
po su nou t	PRSI
u mož ň uj íc í	PRSSSI
do z věd ě l i	PPRSSI
in flač n í	PRSI
s po třeb i tel i	PPRSSI
v stup n ém	PRSI
vy chloub a t	PRSI
ne z od po věd n ý	IPPPRSI
s pál en ou	PRSI
vy moc i	PRI
segment	R
vy slov en ou	PRSI
po ží t	PRI
ne ved e	IRI
šmik a t	RSI
pro slu l ost	PRSS
testr	R
štefan	R
jeseň	R
norm ám	RI
vším a t	RSI
ú čel u	PRI
human ism em	RSI
blíž í	RI
mix	R
roz mačk a t	PRSI
horn o blat en sk ý	RNRSSI
za stříl e t	PRSI
vy žal ova t	PRSI
z vr ouc n ě t	PRSSSI
hled aj íc	RSS
v klouz l a	PRSI
na t o ž pak	PRISR
hlav u	RI
jas n ý	RSI
hod n oc en ím	RSSSI
vel k o ob chod n ík	RSNPRSS
o jezd i t	PRSI
pro klam ova t	PRSI
po z drž ova t	PPRSI
pro nik nou ti	PRSI
kred o	RI
in form uje	PRS
vys ok ou	RSI
dar u	RI
šanc	R
čtvrt ek	RS
pod bír a t	PRSI
čundr a t	RSI
plat n a	RSI
in spir at iv n í	PRSSSI
boj i	RI
disk o ték a	RNRI
konstern ova t	RSI
proti faš ist ick ého	PRSSI
morál c e	RSI
pro míj e t	PRSI
loup ež n á	RSSI
z re vok ova vš í	PPRSSI
za zář i t	PRSI
frnk nou t	RSI
vý stup n í	PRSI
jej ich ž	RSO
ivet a	RI
myšl e n ého	RSSI
před histor i e	PRSI
horl i t	RSI
americ k é	RSI
vys ok o frekvenč n í	RSNRSI
čoč k a	RSI
ná klad ů	PRI
z drc en ě	PRSS
rač te	RI
od lí t	PRI
po cház e t	PRSI
set u	RI
na hrá v a t	PRSSI
patrick	R
bon	R
za pích ne te	PRSI
prů prav n á	PRSI
po lap i t	PRSI
pro hlás i l i	PRSSI
s ved en a	PRSI
bíl o zlat ý	RNRI
vy líc ova t	PRSI
mez ník em	RSI
na tlach a t	PRSI
roz čepýř i t	PRSI
o sud n ě	PRSS
nej vyš š ím	IRSI
ne jezd í	IRI
čern o býl	RNR
na stříh a t	PRSI
po suz ová n í	PRSSI
reklam y	RI
ú čast n i t	PRSSI
skuteč n ost	RSS
s praš ov ý	PRSI
proti po vod ň ov ý	PPRSSI
vý kon ů	PRI
na toul a t	PRSI
kníž k y	RSI
ú žas n ého	PRSI
sedm i člen n ou	RSRSI
se tř í t	PRSI
thét a	RI
vý čt ov ě	PRSI
zdrav	R
styd nou t	RSI
ne kdák a l y	IRSSI
bez vad n ých	PRSI
po krok em	PRI
ná klad ov ých	PRSI
do sta ne	PRS
oběd	R
u klid n i l i	PRSSSI
z jemň ova t	PRSI
při mích á v a t	PRSSSI
při prav i t	PRSI
fabk a	RI
s trž i t	PRSI
mini stran y	RRI
vy v d a t	PPRSI
z lom i t	PRSI
brept a t	RSI
kabel	R
ú tok u	PRI
ze špatn ě t	PRSI
pol ovič n í	RSSI
tak ov ou	RSI
po cvič i t	PRSI
na třás a t	PRSI
zunk nou t	RSI
o přád a t	PRSI
ne vy hrá t	IPRI
belh a t	RSI
prác e s chop n ý	RIPRSI
nymf a	RI
ne roz trh a l i	IPRSSI
o lam ova t	PRSI
po čt u	PRI
zl e	RS
pro cvik a n ý	PRSSI
senz ac e	RSI
u ži v a tel e	PRSSSI
slov y	RI
pod rob i t	PRSI
tlak em	RI
po prsk a t	PRSI
z pozd i t	PRSI
in fekc e	PRI
na cuc a t	PRSI
nej akt iv n ějš í	IRSSSI
na zu l	PRI
s klad ov é	PRSI
z re duk ova t	PPRSI
thai box er	RRS
jin ými	RS
maž	R
štych	R
ne roz liš uje	IPRS
roz pín a t	PRSI
jedn a dv a cít k a	RIRIRSI
br á t	RSI
u rýp nou t	PRSI
post pozic e	PRI
z ne klid ň ova t	PIRSSI
rat ing	RS
z kypř e t	PRSI
druh ým	RI
vy hlaz ova t	PRSI
jabl íčk a	RSI
pře syp a t	PRSI
rut ov	RS
var	R
pro dch nou t	PRSI
ne pod daj n ý	IPRSI
s konč i l a	PRSSI
o hod n ot i t	PRSSSI
do tvrd i t	PRSI
obe še l	PRI
sáh l a	RSI
otrok ov ic e	RSSI
šir ok y	RSI
znam en aj í	RSSI
dů věr ách	PRI
mír u mil ov n ý	RIRSSI
ne m ě l y	IRSSI
nej bíd n ějš ímu	IRSSI
pytl ác i	RSI
bass re flex	RSR
ob tíž i t	PRSI
po škoz en ý	PRSI
kd o ž	RSO
florin ů	RI
prakt ic k á	RSSI
koberc e	RI
ně kolik a řád k ov ého	PRIRSSI
při čin ěn í	PRSI
svít í	RI
ne s mír n ou	IPRSI
tiš	R
žen a	RI
před mi nu l ého	PRSSI
chytr ák	RS
od je t	PRI
u rč it ost	PRSS
smaž en ých	RSI
pedant ism u	RSI
břidl a	RI
blaf nou t	RSI
cykl o kros u	RNRI
zl ost i	RSI
ran í	RI
vz duch o ventil ac e	PRNRSI
o hryz á v a t	PRSSSI
válk ou	RI
kred it ova t	RSSI
při sá v a t	PRSSI
popo sad i t	PRSI
katolic k é	RSI
inter ven ova l a	PRSSI
ne obyčej n ě	IRSI
armstrong	R
krucembur sk é	RSI
rd í t	RSI
lod ičk a	RSI
hrab a l	RSI
pře vaz ova t	PRSI
strach em	RI
shakespear o mani e	RNRI
brabec	R
vý nos u	PRI
lesk l i	RSI
s cház í te	PRSI
veteš ník	RS
z požď ova t	PRSI
po třeb ova l i	PRSSI
při prav en ého	PRSI
pře nés t	PRI
inaugur ová n	RSS
re sign ova t	PRSI
gener ál	RS
u věd om i l	PRSSI
rod in ách	RSI
v děč í	PRI
síp a t	RSI
garanc e	RI
helfr	R
u smí v a l	PRSSI
ochot a	RI
dluh y	RI
kapitán ovi	RI
chc e me	RSI
špión ů	RI
ber e	RS
lán	R
o škráb a t	PRSI
po do týk a ti	PPRSI
